<?xml version="1.0" encoding="UTF-8"?>

<mule xmlns:mllp="http://www.mulesoft.org/schema/mule/mllp" xmlns:file="http://www.mulesoft.org/schema/mule/file" xmlns:json="http://www.mulesoft.org/schema/mule/json" xmlns:metadata="http://www.mulesoft.org/schema/mule/metadata" xmlns:tracking="http://www.mulesoft.org/schema/mule/ee/tracking" xmlns:http="http://www.mulesoft.org/schema/mule/http" xmlns:dw="http://www.mulesoft.org/schema/mule/ee/dw" xmlns:hl7-edi="http://www.mulesoft.org/schema/mule/hl7-edi" xmlns:hl7-transformer="http://www.mulesoft.org/schema/mule/hl7-transformer" xmlns:hl7="http://www.mulesoft.org/schema/mule/hl7" xmlns="http://www.mulesoft.org/schema/mule/core" xmlns:doc="http://www.mulesoft.org/schema/mule/documentation"
	xmlns:spring="http://www.springframework.org/schema/beans" 
	xmlns:xsi="http://www.w3.org/2001/XMLSchema-instance"
	xsi:schemaLocation="http://www.springframework.org/schema/beans http://www.springframework.org/schema/beans/spring-beans-current.xsd
http://www.mulesoft.org/schema/mule/core http://www.mulesoft.org/schema/mule/core/current/mule.xsd
http://www.mulesoft.org/schema/mule/hl7 http://www.mulesoft.org/schema/mule/hl7/current/mule-hl7.xsd
http://www.mulesoft.org/schema/mule/hl7-edi http://www.mulesoft.org/schema/mule/hl7-edi/current/mule-hl7-edi.xsd
http://www.mulesoft.org/schema/mule/ee/dw http://www.mulesoft.org/schema/mule/ee/dw/current/dw.xsd
http://www.mulesoft.org/schema/mule/http http://www.mulesoft.org/schema/mule/http/current/mule-http.xsd
http://www.mulesoft.org/schema/mule/ee/tracking http://www.mulesoft.org/schema/mule/ee/tracking/current/mule-tracking-ee.xsd
http://www.mulesoft.org/schema/mule/json http://www.mulesoft.org/schema/mule/json/current/mule-json.xsd
http://www.mulesoft.org/schema/mule/file http://www.mulesoft.org/schema/mule/file/current/mule-file.xsd
http://www.mulesoft.org/schema/mule/mllp http://www.mulesoft.org/schema/mule/mllp/current/mule-mllp.xsd">
    <hl7-edi:config name="HL7_EDI__Configuration" doc:name="HL7 EDI: Configuration">
      <hl7-edi:schemas>
            <hl7-edi:schema>/hl7/v2_5_1/ADT_A01.esl</hl7-edi:schema>
      </hl7-edi:schemas>
    </hl7-edi:config>
    <http:listener-config name="HTTP_Listener_Configuration" host="0.0.0.0" port="8081" doc:name="HTTP Listener Configuration"/>
    <file:connector name="File" autoDelete="true" streaming="true" validateConnections="true" doc:name="File"/>
    <flow name="hl7MllpTransport">
        <mllp:inbound-endpoint host="localhost" port="50609" responseTimeout="10000" exchange-pattern="request-response" doc:name="MLLP"/>
        <hl7-edi:read config-ref="HL7_EDI__Configuration" doc:name="HL7 EDI"/>
        <dw:transform-message doc:name="Transform Message">
            <dw:set-payload><![CDATA[%dw 1.0
%output application/java
---
{
	Name: "ACK",
	MSH: payload.ACK."01_MSH",
	Id: "ACK",
	Data: {
		ACK: payload.ACK
	}
}]]></dw:set-payload>
        </dw:transform-message>
        <hl7-edi:write config-ref="HL7_EDI__Configuration" messageStructure="ACK" doc:name="HL7 EDI"/>
        <logger message="#[payload]" level="INFO" doc:name="Logger"/>
        <file:outbound-endpoint path="src/test/resources/output" outputPattern="demo.hl7" responseTimeout="10000" doc:name="File"/>
    </flow>
</mule>
