<?xml version="1.0" encoding="UTF-8"?>

<mule xmlns:metadata="http://www.mulesoft.org/schema/mule/metadata" xmlns:dw="http://www.mulesoft.org/schema/mule/ee/dw" xmlns:partner-manager="http://www.mulesoft.org/schema/mule/partner-manager" xmlns:tracking="http://www.mulesoft.org/schema/mule/ee/tracking" xmlns:file="http://www.mulesoft.org/schema/mule/file" xmlns:ftps="http://www.mulesoft.org/schema/mule/ftps" xmlns:data-mapper="http://www.mulesoft.org/schema/mule/ee/data-mapper" xmlns:x12-edi="http://www.mulesoft.org/schema/mule/x12-edi" xmlns="http://www.mulesoft.org/schema/mule/core" xmlns:doc="http://www.mulesoft.org/schema/mule/documentation"
	xmlns:spring="http://www.springframework.org/schema/beans" 
	xmlns:xsi="http://www.w3.org/2001/XMLSchema-instance"
	xsi:schemaLocation="http://www.springframework.org/schema/beans http://www.springframework.org/schema/beans/spring-beans-current.xsd
http://www.mulesoft.org/schema/mule/core http://www.mulesoft.org/schema/mule/core/current/mule.xsd
http://www.mulesoft.org/schema/mule/ftps http://www.mulesoft.org/schema/mule/ftps/current/mule-ftps.xsd
http://www.mulesoft.org/schema/mule/x12-edi http://www.mulesoft.org/schema/mule/x12-edi/current/mule-x12-edi.xsd
http://www.mulesoft.org/schema/mule/file http://www.mulesoft.org/schema/mule/file/current/mule-file.xsd
http://www.mulesoft.org/schema/mule/ee/data-mapper http://www.mulesoft.org/schema/mule/ee/data-mapper/current/mule-data-mapper.xsd
http://www.mulesoft.org/schema/mule/ee/tracking http://www.mulesoft.org/schema/mule/ee/tracking/current/mule-tracking-ee.xsd
http://www.mulesoft.org/schema/mule/partner-manager http://www.mulesoft.org/schema/mule/partner-manager/current/mule-partner-manager.xsd
http://www.mulesoft.org/schema/mule/ee/dw http://www.mulesoft.org/schema/mule/ee/dw/current/dw.xsd" >

    <partner-manager:config name="Partner_Manager__Basic_Configuration" apiKey="${api.key}" doc:name="Partner Manager: Basic Configuration" environmentId="${enviroment.id}"/>
    <ftps:partner-manager-config name="b2b-based-ftps"  standard="X12" doc:name="FTPS: Partner Manager Configuration" partnerName="${ftps.partner.name}"/>
    <x12-edi:config name="X12_EDI" doc:name="X12 EDI" useB2BProvider="true" groupIdPartner="${x12.mock-supplier.id}" groupIdSelf="${x12.customer.id}" interchangeIdPartner="${x12.mock-supplier.id}" interchangeIdQualifierPartner="${x12.mock-supplier.interchange.id}" interchangeIdQualifierSelf="${x12.customer.interchange.id}" interchangeIdSelf="${x12.customer.id}">
        <x12-edi:schemas>
            <x12-edi:schema>/x12/005010/850.esl</x12-edi:schema>
        </x12-edi:schemas>
    </x12-edi:config>
    
    <flow name="send-850-to-supplier-flow">
        <file:inbound-endpoint path="outbox" responseTimeout="10000" doc:name="File"/>
        <dw:transform-message doc:name="Transform Message" metadata:id="382986a9-9d4c-4da8-bbd2-9268f1a6e75e">
            <dw:set-payload resource="classpath:transform.dwl"/>
        </dw:transform-message>
        <x12-edi:write config-ref="X12_EDI" doc:name="Write EDI"/>
        <ftps:write config-ref="b2b-based-ftps" doc:name="Send 850 to Supplier"/>
    </flow>
    <flow name="receive-997-from-supplier-flow">
        <ftps:read config-ref="b2b-based-ftps" doc:name="Receive 997 from Supplier" pollingFrequency="${ftps.customer.polling.frequency}"/>
        <byte-array-to-string-transformer doc:name="Byte Array to String"/>
        <x12-edi:read config-ref="X12_EDI" doc:name="Parse EDI"/>
    </flow>
</mule>
