<?xml version="1.0" encoding="UTF-8"?>

<mule xmlns:tracking="http://www.mulesoft.org/schema/mule/ee/tracking" xmlns:x12-edi="http://www.mulesoft.org/schema/mule/x12-edi" xmlns:ftps="http://www.mulesoft.org/schema/mule/ftps" xmlns="http://www.mulesoft.org/schema/mule/core" xmlns:doc="http://www.mulesoft.org/schema/mule/documentation"
	xmlns:spring="http://www.springframework.org/schema/beans" 
	xmlns:xsi="http://www.w3.org/2001/XMLSchema-instance"
	xsi:schemaLocation="http://www.springframework.org/schema/beans http://www.springframework.org/schema/beans/spring-beans-current.xsd
http://www.mulesoft.org/schema/mule/core http://www.mulesoft.org/schema/mule/core/current/mule.xsd
http://www.mulesoft.org/schema/mule/ftps http://www.mulesoft.org/schema/mule/ftps/current/mule-ftps.xsd
http://www.mulesoft.org/schema/mule/x12-edi http://www.mulesoft.org/schema/mule/x12-edi/current/mule-x12-edi.xsd
http://www.mulesoft.org/schema/mule/ee/tracking http://www.mulesoft.org/schema/mule/ee/tracking/current/mule-tracking-ee.xsd">
    <ftps:config name="basic-ftps"  doc:name="FTPS: Basic Configuration" host="${ftps.host}" password="${ftps.password}" port="${ftps.port}" username="${ftps.username}" disableCertificateValidation="true" />
       <x12-edi:config name="supplier-x12-edi" doc:name="X12 EDI">
        <x12-edi:schemas>
            <x12-edi:schema>/x12/005010/850.esl</x12-edi:schema>
        </x12-edi:schemas>
    </x12-edi:config>
    <flow name="receive-and-process-850-from-consumer-flow" initialState="started">
        <ftps:read config-ref="basic-ftps" filePath="${ftps.mock-supplier.receive.path}" fileName="${ftps.mock-supplier.receive.filename}" pollingFrequency="${ftps.mock-supplier.polling.frequency}" doc:name="Receive 850 from Consumer"/>
        <byte-array-to-string-transformer doc:name="Byte Array to String"/>
        <x12-edi:read config-ref="supplier-x12-edi" doc:name="Parse 850"/>
        <set-payload value="#[ ['TransactionSets' : [ 'v005010' : [ '997' : payload.FunctionalAcksGenerated ] ] ] ]" doc:name="Set Payload"/>
        <x12-edi:write config-ref="supplier-x12-edi" doc:name="Write 997"/>
        <ftps:write config-ref="basic-ftps" filePath="${ftps.mock-supplier.send.path}" doc:name="Send 997 to Consumer"/>
    </flow>
</mule>
