<?xml version="1.0"?>
<PurchaseOrder PurchaseOrderNumber="00003" OrderDate="2015-05-13">
  <TotalPrice>188.93</TotalPrice>
      
  <Address>
    <Name>Stocked.com</Name>
    <Street>123 Maple Street</Street>
    <City>Mill Valley</City>
    <State>CA</State>
    <Zip>10999</Zip>
    <Country>USA</Country>
  </Address>
  <Items>
    <Item PartNumber="3421-MB">
      <ProductName>Ladies Jacket MED BLACK</ProductName>
      <Quantity>1</Quantity>
      <USPrice>148.95</USPrice>
      <ShipDate>2015-05-20</ShipDate>
    </Item>
    <Item PartNumber="4421-MB">
      <ProductName>Ladies Base layer MED BLACK</ProductName>
      <Quantity>1</Quantity>
      <USPrice>39.98</USPrice>
      <ShipDate>2015-05-20</ShipDate>
    </Item>
  </Items>
</PurchaseOrder>
